model_name,rated_capacity,spec_lower_y,spec_lower_z
AGM105_H1,105.0,,
AGM105_H3,105.0,,
AGM105_K1,105.0,,
AGM105_S1,105.0,,
AGM105_S3,105.0,,
AGM50_H1,50.0,,
AGM50_H3,50.0,,
AGM50_K1,50.0,,
AGM50_K3,50.0,,
AGM50_S1,50.0,,
AGM50_S3,50.0,,
AGM60_H1,60.0,,
AGM60_H3,60.0,,
AGM60_K1,60.0,,
AGM60_K3,60.0,,
AGM60_S1,60.0,,
AGM60_S3,60.0,,
AGM70_H1,70.0,,
AGM70_H3,70.0,,
AGM70_K1,70.0,,
AGM70_K3,70.0,,
AGM70_S1,70.0,,
AGM70_S3,70.0,,
AGM80_H1,80.0,,
AGM80_H3,80.0,,
AGM80_K1,80.0,,
AGM80_K3,80.0,,
AGM80_S1,80.0,,
AGM80_S3,80.0,,
AGM90_H1,90.0,,
AGM90_H3,90.0,,
AGM90_K1,90.0,,
AGM90_K3,90.0,,
AGM90_S1,90.0,,
AGM90_S3,90.0,,
